ID	图标	类型	重量	排序权重	物件ID	可丢弃	使用等级	武器种类	武器阶数	武器材质	武器Cost	元素类型	武器初始经验	初始技能词缀1	初始技能词缀2	[属性]1类型	[属性]1初始值	[属性]1成长曲线	[属性]2类型	[属性]2初始值	[属性]2成长曲线	觉醒贴图	觉醒图标	Name	Desc
11101	UI_EquipIcon_Sword_Blunt	4	1	10	50011101	0		1	1		1,1,1,1,1		300			4	7.29	2				ART/Equip/AvatarEquip/Equip_Sword_Blunt/Equip_Sword_Blunt_OverrideTexture/Equip_Sword_Blunt_02_Tex_Diffuse	UI_EquipIcon_Sword_Blunt_Awaken	WeaponData_Name_11101	WeaponData_Desc_11101
11201	UI_EquipIcon_Sword_Silver	4	1	10	50011201	0		1	2		1,1,1,1,1		600			4	10.93	2				ART/Equip/AvatarEquip/Equip_Sword_Silver/Equip_Sword_Silver_OverrideTexture/Equip_Sword_Silver_02_Tex_Diffuse	UI_EquipIcon_Sword_Silver_Awaken	WeaponData_Name_11201	WeaponData_Desc_11201
11301	UI_EquipIcon_Sword_Steel	4	1	10	50011301	0	8	1	3		1,1,1,1,1		900			4	14.57	2	20	0.03	4	ART/Equip/AvatarEquip/Equip_Sword_Steel/Equip_Sword_Steel_OverrideTexture/Equip_Sword_Steel_02_Tex_Diffuse	UI_EquipIcon_Sword_Steel_Awaken	WeaponData_Name_11301	WeaponData_Desc_11301
11302	UI_EquipIcon_Sword_Dawn	4	1	10	50011302	0	8	1	3		1,1,1,1,1		900	111302		4	14.57	2	20	0.02	4	ART/Equip/AvatarEquip/Equip_Sword_Dawn/Equip_Sword_Dawn_OverrideTexture/Equip_Sword_Dawn_02_Tex_Diffuse	UI_EquipIcon_Sword_Dawn_Awaken	WeaponData_Name_11302	WeaponData_Desc_11302
11303	UI_EquipIcon_Sword_Traveler	4	1	10	50011303	0	8	1	3		1,1,1,1,1		900			4	14.57	2	20	0.04	4	ART/Equip/AvatarEquip/Equip_Sword_Traveler/Equip_Sword_Traveler_OverrideTexture/Equip_Sword_Traveler_02_Tex_Diffuse	UI_EquipIcon_Sword_Traveler_Awaken	WeaponData_Name_11303	WeaponData_Desc_11303
11304	UI_EquipIcon_Sword_Darker	4	1	10	50011304	0	8	1	3		1,1,1,1,1		900			4	14.57	2	20	0.04	4	ART/Equip/AvatarEquip/Equip_Sword_Darker/Equip_Sword_Darker_OverrideTexture/Equip_Sword_Darker_02_Tex_Diffuse	UI_EquipIcon_Sword_Darker_Awaken	WeaponData_Name_11304	WeaponData_Desc_11304
11305	UI_EquipIcon_Sword_Sashimi	4	1	10	50011305	0	8	1	3		1,1,1,1,1		900			4	14.57	2	20	0.04	4	ART/Equip/AvatarEquip/Equip_Sword_Sashimi/Equip_Sword_Sashimi_OverrideTexture/Equip_Sword_Sashimi_02_Tex_Diffuse	UI_EquipIcon_Sword_Sashimi_Awaken	WeaponData_Name_11305	WeaponData_Desc_11305
11306	UI_EquipIcon_Sword_Mitsurugi	4	1	10	50011306	0	8	1	3		1,1,1,1,1		900			4	14.57	2	20	0.04	4	ART/Equip/AvatarEquip/Equip_Sword_Mitsurugi/Equip_Sword_Mitsurugi_OverrideTexture/Equip_Sword_Mitsurugi_02_Tex_Diffuse	UI_EquipIcon_Sword_Mitsurugi_Awaken	WeaponData_Name_11306	WeaponData_Desc_11306
11401	UI_EquipIcon_Sword_Zephyrus	4	1	10	50011401	0	10	1	4		1,1,1,1,1		900	111401		4	17.49	2	20	0.04	4	ART/Equip/AvatarEquip/Equip_Sword_Zephyrus/Equip_Sword_Zephyrus_OverrideTexture/Equip_Sword_Zephyrus_02_Tex_Diffuse	UI_EquipIcon_Sword_Zephyrus_Awaken	WeaponData_Name_11401	WeaponData_Desc_11401
11402	UI_EquipIcon_Sword_Troupe	4	1	10	50011402	0	10	1	4		1,1,1,1,1		900	111402		4	17.49	2	20	0.04	4	ART/Equip/AvatarEquip/Equip_Sword_Troupe/Equip_Sword_Troupe_OverrideTexture/Equip_Sword_Troupe_02_Tex_Diffuse	UI_EquipIcon_Sword_Troupe_Awaken	WeaponData_Name_11402	WeaponData_Desc_11402
11403	UI_EquipIcon_Sword_Fossil	4	1	10	50011403	0	10	1	4		1,1,1,1,1		900	111403		4	17.49	2	20	0.04	4	ART/Equip/AvatarEquip/Equip_Sword_Fossil/Equip_Sword_Fossil_OverrideTexture/Equip_Sword_Fossil_02_Tex_Diffuse	UI_EquipIcon_Sword_Fossil_Awaken	WeaponData_Name_11403	WeaponData_Desc_11403
11404	UI_EquipIcon_Sword_Theocrat	4	1	10	50011404	0	10	1	4		1,1,1,1,1		900	111404		4	17.49	2	20	0.04	4	ART/Equip/AvatarEquip/Equip_Sword_Theocrat/Equip_Sword_Theocrat_OverrideTexture/Equip_Sword_Theocrat_02_Tex_Diffuse	UI_EquipIcon_Sword_Theocrat_Awaken	WeaponData_Name_11404	WeaponData_Desc_11404
11405	UI_EquipIcon_Sword_Rockkiller	4	1	10	50011405	0	10	1	4		1,1,1,1,1		900			4	17.49	2	20	0.02	4	ART/Equip/AvatarEquip/Equip_Sword_Rockkiller/Equip_Sword_Rockkiller_OverrideTexture/Equip_Sword_Rockkiller_02_Tex_Diffuse	UI_EquipIcon_Sword_Rockkiller_Awaken	WeaponData_Name_11405	WeaponData_Desc_11405
11406	UI_EquipIcon_Sword_Proto	4	1	10	50011406	0	10	1	4		1,1,1,1,1		900			4	17.49	2	20	0.053	4	ART/Equip/AvatarEquip/Equip_Sword_Proto/Equip_Sword_Proto_OverrideTexture/Equip_Sword_Proto_02_Tex_Diffuse	UI_EquipIcon_Sword_Proto_Awaken	WeaponData_Name_11406	WeaponData_Desc_11406
11407	UI_EquipIcon_Sword_Exotic	4	1	10	50011407	0	10	1	4		1,1,1,1,1		900			4	17.49	2	20	0.02	4	ART/Equip/AvatarEquip/Equip_Sword_Exotic/Equip_Sword_Exotic_OverrideTexture/Equip_Sword_Exotic_02_Tex_Diffuse	UI_EquipIcon_Sword_Exotic_Awaken	WeaponData_Name_11407	WeaponData_Desc_11407
11408	UI_EquipIcon_Sword_Blackrock	4	1	10	50011408	0	10	1	4		1,1,1,1,1		900			4	17.49	2	20	0.053	4	ART/Equip/AvatarEquip/Equip_Sword_Blackrock/Equip_Sword_Blackrock_OverrideTexture/Equip_Sword_Blackrock_02_Tex_Diffuse	UI_EquipIcon_Sword_Blackrock_Awaken	WeaponData_Name_11408	WeaponData_Desc_11408
11501	UI_EquipIcon_Sword_Falcon	4	1	10	50011501	0	10	1	5		1,1,1,1,1		900			4	26.03	31	20	0.06	4	ART/Equip/AvatarEquip/Equip_Sword_Falcon/Equip_Sword_Falcon_OverrideTexture/Equip_Sword_Falcon_02_Tex_Diffuse	UI_EquipIcon_Sword_Falcon_Awaken	WeaponData_Name_11501	WeaponData_Desc_11501
11502	UI_EquipIcon_Sword_Dvalin	4	1	10	50011502	0	10	1	5		1,1,1,1,1		900			4	26.03	31	20	0.06	4	ART/Equip/AvatarEquip/Equip_Sword_Dvalin/Equip_Sword_Dvalin_OverrideTexture/Equip_Sword_Dvalin_02_Tex_Diffuse	UI_EquipIcon_Sword_Dvalin_Awaken	WeaponData_Name_11502	WeaponData_Desc_11502
11503	UI_EquipIcon_Sword_Boreas	4	1	10	50011503	0	10	1	5		1,1,1,1,1		900			4	26.03	31	20	0.06	4	ART/Equip/AvatarEquip/Equip_Sword_Boreas/Equip_Sword_Boreas_OverrideTexture/Equip_Sword_Boreas_02_Tex_Diffuse	UI_EquipIcon_Sword_Boreas_Awaken	WeaponData_Name_11503	WeaponData_Desc_11503
11504	UI_EquipIcon_Sword_Widsith	4	1	10	50011504	0	10	1	5		1,1,1,1,1		900			4	26.03	31	23	0.121	4	ART/Equip/AvatarEquip/Equip_Sword_Widsith/Equip_Sword_Widsith_OverrideTexture/Equip_Sword_Widsith_02_Tex_Diffuse	UI_EquipIcon_Sword_Widsith_Awaken	WeaponData_Name_11504	WeaponData_Desc_11504
11505	UI_EquipIcon_Sword_Kunwu	4	1	10	50011505	0	10	1	5		1,1,1,1,1		900			4	26.03	31	20	0.081	4	ART/Equip/AvatarEquip/Equip_Sword_Kunwu/Equip_Sword_Kunwu_OverrideTexture/Equip_Sword_Kunwu_02_Tex_Diffuse	UI_EquipIcon_Sword_Kunwu_Awaken	WeaponData_Name_11505	WeaponData_Desc_11505
11506	UI_EquipIcon_Sword_Morax	4	1	10	50011506	0	10	1	5		1,1,1,1,1		900			4	26.03	31	23	0.121	4	ART/Equip/AvatarEquip/Equip_Sword_Morax/Equip_Sword_Morax_OverrideTexture/Equip_Sword_Morax_02_Tex_Diffuse	UI_EquipIcon_Sword_Morax_Awaken	WeaponData_Name_11506	WeaponData_Desc_11506
11507	UI_EquipIcon_Sword_Transcend	4	1	10	50011507	0	10	1	5		1,1,1,1,1		900			4	26.03	31	20	0.081	4	ART/Equip/AvatarEquip/Equip_Sword_Transcend/Equip_Sword_Transcend_OverrideTexture/Equip_Sword_Transcend_02_Tex_Diffuse	UI_EquipIcon_Sword_Transcend_Awaken	WeaponData_Name_11507	WeaponData_Desc_11507
12101	UI_EquipIcon_Claymore_Aniki	4	1	10	50012101	0		11	1		1,1,1,1,1		300			4	7.29	2				ART/Equip/AvatarEquip/Equip_Claymore_Aniki/Equip_Claymore_Aniki_OverrideTexture/Equip_Claymore_Aniki_02_Tex_Diffuse	UI_EquipIcon_Claymore_Aniki_Awaken	WeaponData_Name_12101	WeaponData_Desc_12101
12201	UI_EquipIcon_Claymore_Oyaji	4	1	10	50012201	0		11	2		1,1,1,1,1		600			4	10.93	2				ART/Equip/AvatarEquip/Equip_Claymore_Oyaji/Equip_Claymore_Oyaji_OverrideTexture/Equip_Claymore_Oyaji_02_Tex_Diffuse	UI_EquipIcon_Claymore_Oyaji_Awaken	WeaponData_Name_12201	WeaponData_Desc_12201
12301	UI_EquipIcon_Claymore_Glaive	4	1	10	50012301	0	8	11	3		1,1,1,1,1		900	112301		4	14.57	2	20	0.02	4	ART/Equip/AvatarEquip/Equip_Claymore_Glaive/Equip_Claymore_Glaive_OverrideTexture/Equip_Claymore_Glaive_02_Tex_Diffuse	UI_EquipIcon_Claymore_Glaive_Awaken	WeaponData_Name_12301	WeaponData_Desc_12301
12302	UI_EquipIcon_Claymore_Siegfry	4	1	10	50012302	0	8	11	3		1,1,1,1,1		900	112302		4	14.57	2	20	0.02	4	ART/Equip/AvatarEquip/Equip_Claymore_Siegfry/Equip_Claymore_Siegfry_OverrideTexture/Equip_Claymore_Siegfry_02_Tex_Diffuse	UI_EquipIcon_Claymore_Siegfry_Awaken	WeaponData_Name_12302	WeaponData_Desc_12302
12303	UI_EquipIcon_Claymore_Tin	4	1	10	50012303	0	8	11	3		1,1,1,1,1		900			4	14.57	2	20	0.03	4	ART/Equip/AvatarEquip/Equip_Claymore_Tin/Equip_Claymore_Tin_OverrideTexture/Equip_Claymore_Tin_02_Tex_Diffuse	UI_EquipIcon_Claymore_Tin_Awaken	WeaponData_Name_12303	WeaponData_Desc_12303
12304	UI_EquipIcon_Claymore_Quartz	4	1	10	50012304	0	8	11	3		1,1,1,1,1		900			4	14.57	2	20	0.04	4	ART/Equip/AvatarEquip/Equip_Claymore_Quartz/Equip_Claymore_Quartz_OverrideTexture/Equip_Claymore_Quartz_02_Tex_Diffuse	UI_EquipIcon_Claymore_Quartz_Awaken	WeaponData_Name_12304	WeaponData_Desc_12304
12305	UI_EquipIcon_Claymore_Reasoning	4	1	10	50012305	0	8	11	3		1,1,1,1,1		900			4	14.57	2	20	0.04	4	ART/Equip/AvatarEquip/Equip_Claymore_Reasoning/Equip_Claymore_Reasoning_OverrideTexture/Equip_Claymore_Reasoning_02_Tex_Diffuse	UI_EquipIcon_Claymore_Reasoning_Awaken	WeaponData_Name_12305	WeaponData_Desc_12305
12306	UI_EquipIcon_Claymore_Mitsurugi	4	1	10	50012306	0	8	11	3		1,1,1,1,1		900			4	14.57	2	20	0.04	4	ART/Equip/AvatarEquip/Equip_Claymore_Mitsurugi/Equip_Claymore_Mitsurugi_OverrideTexture/Equip_Claymore_Mitsurugi_02_Tex_Diffuse	UI_EquipIcon_Claymore_Mitsurugi_Awaken	WeaponData_Name_12306	WeaponData_Desc_12306
12401	UI_EquipIcon_Claymore_Zephyrus	4	1	10	50012401	0	10	11	4		1,1,1,1,1		900	112401		4	17.49	2	20	0.04	4	ART/Equip/AvatarEquip/Equip_Claymore_Zephyrus/Equip_Claymore_Zephyrus_OverrideTexture/Equip_Claymore_Zephyrus_02_Tex_Diffuse	UI_EquipIcon_Claymore_Zephyrus_Awaken	WeaponData_Name_12401	WeaponData_Desc_12401
12402	UI_EquipIcon_Claymore_Troupe	4	1	10	50012402	0	10	11	4		1,1,1,1,1		900	112402		4	17.49	2	20	0.053	4	ART/Equip/AvatarEquip/Equip_Claymore_Troupe/Equip_Claymore_Troupe_OverrideTexture/Equip_Claymore_Troupe_02_Tex_Diffuse	UI_EquipIcon_Claymore_Troupe_Awaken	WeaponData_Name_12402	WeaponData_Desc_12402
12403	UI_EquipIcon_Claymore_Fossil	4	1	10	50012403	0	10	11	4		1,1,1,1,1		900	112403		4	17.49	2	20	0.04	4	ART/Equip/AvatarEquip/Equip_Claymore_Fossil/Equip_Claymore_Fossil_OverrideTexture/Equip_Claymore_Fossil_02_Tex_Diffuse	UI_EquipIcon_Claymore_Fossil_Awaken	WeaponData_Name_12403	WeaponData_Desc_12403
12404	UI_EquipIcon_Claymore_Theocrat	4	1	10	50012404	0	10	11	4		1,1,1,1,1		900	112404		4	17.49	2	20	0.04	4	ART/Equip/AvatarEquip/Equip_Claymore_Theocrat/Equip_Claymore_Theocrat_OverrideTexture/Equip_Claymore_Theocrat_02_Tex_Diffuse	UI_EquipIcon_Claymore_Theocrat_Awaken	WeaponData_Name_12404	WeaponData_Desc_12404
12405	UI_EquipIcon_Claymore_Perdue	4	1	10	50012405	0	10	11	4		1,1,1,1,1		900			4	17.49	2	20	0.02	4	ART/Equip/AvatarEquip/Equip_Claymore_Perdue/Equip_Claymore_Perdue_OverrideTexture/Equip_Claymore_Perdue_02_Tex_Diffuse	UI_EquipIcon_Claymore_Perdue_Awaken	WeaponData_Name_12405	WeaponData_Desc_12405
12406	UI_EquipIcon_Claymore_Proto	4	1	10	50012406	0	10	11	4		1,1,1,1,1		900			4	17.49	2	23	0.053	4	ART/Equip/AvatarEquip/Equip_Claymore_Proto/Equip_Claymore_Proto_OverrideTexture/Equip_Claymore_Proto_02_Tex_Diffuse	UI_EquipIcon_Claymore_Proto_Awaken	WeaponData_Name_12406	WeaponData_Desc_12406
12407	UI_EquipIcon_Claymore_Exotic	4	1	10	50012407	0	10	11	4		1,1,1,1,1		900			4	17.49	2	20	0.02	4	ART/Equip/AvatarEquip/Equip_Claymore_Exotic/Equip_Claymore_Exotic_OverrideTexture/Equip_Claymore_Exotic_02_Tex_Diffuse	UI_EquipIcon_Claymore_Exotic_Awaken	WeaponData_Name_12407	WeaponData_Desc_12407
12408	UI_EquipIcon_Claymore_Blackrock	4	1	10	50012408	0	10	11	4		1,1,1,1,1		900			4	17.49	2	23	0.053	4	ART/Equip/AvatarEquip/Equip_Claymore_Blackrock/Equip_Claymore_Blackrock_OverrideTexture/Equip_Claymore_Blackrock_02_Tex_Diffuse	UI_EquipIcon_Claymore_Blackrock_Awaken	WeaponData_Name_12408	WeaponData_Desc_12408
12501	UI_EquipIcon_Claymore_Dvalin	4	1	10	50012501	0	10	11	5		1,1,1,1,1		900			4	26.03	31	20	0.081	4	ART/Equip/AvatarEquip/Equip_Claymore_Dvalin/Equip_Claymore_Dvalin_OverrideTexture/Equip_Claymore_Dvalin_02_Tex_Diffuse	UI_EquipIcon_Claymore_Dvalin_Awaken	WeaponData_Name_12501	WeaponData_Desc_12501
12502	UI_EquipIcon_Claymore_Wolfmound	4	1	10	50012502	0	10	11	5		1,1,1,1,1		900			4	26.03	31	23	0.121	4	ART/Equip/AvatarEquip/Equip_Claymore_Wolfmound/Equip_Claymore_Wolfmound_OverrideTexture/Equip_Claymore_Wolfmound_02_Tex_Diffuse	UI_EquipIcon_Claymore_Wolfmound_Awaken	WeaponData_Name_12502	WeaponData_Desc_12502
12503	UI_EquipIcon_Claymore_Widsith	4	1	10	50012503	0	10	11	5		1,1,1,1,1		900			4	26.03	31	20	0.081	4	ART/Equip/AvatarEquip/Equip_Claymore_Widsith/Equip_Claymore_Widsith_OverrideTexture/Equip_Claymore_Widsith_02_Tex_Diffuse	UI_EquipIcon_Claymore_Widsith_Awaken	WeaponData_Name_12503	WeaponData_Desc_12503
12504	UI_EquipIcon_Claymore_Kunwu	4	1	10	50012504	0	10	11	5		1,1,1,1,1		900			4	26.03	31	23	0.121	4	ART/Equip/AvatarEquip/Equip_Claymore_Kunwu/Equip_Claymore_Kunwu_OverrideTexture/Equip_Claymore_Kunwu_02_Tex_Diffuse	UI_EquipIcon_Claymore_Kunwu_Awaken	WeaponData_Name_12504	WeaponData_Desc_12504
12505	UI_EquipIcon_Claymore_Morax	4	1	10	50012505	0	10	11	5		1,1,1,1,1		900			4	26.03	31	20	0.081	4	ART/Equip/AvatarEquip/Equip_Claymore_Morax/Equip_Claymore_Morax_OverrideTexture/Equip_Claymore_Morax_02_Tex_Diffuse	UI_EquipIcon_Claymore_Morax_Awaken	WeaponData_Name_12505	WeaponData_Desc_12505
12506	UI_EquipIcon_Claymore_Appease	4	1	10	50012506	0	10	11	5		1,1,1,1,1		900			4	26.03	31	23	0.121	4	ART/Equip/AvatarEquip/Equip_Claymore_Appease/Equip_Claymore_Appease_OverrideTexture/Equip_Claymore_Appease_02_Tex_Diffuse	UI_EquipIcon_Claymore_Appease_Awaken	WeaponData_Name_12506	WeaponData_Desc_12506
13101	UI_EquipIcon_Pole_Gewalt	4	1	10	50013101	0		13	1		1,1,1,1,1		300			4	7.29	2				ART/Equip/AvatarEquip/Equip_Pole_Gewalt/Equip_Pole_Gewalt_OverrideTexture/Equip_Pole_Gewalt_02_Tex_Diffuse	UI_EquipIcon_Pole_Gewalt_Awaken	WeaponData_Name_13101	WeaponData_Desc_13101
13201	UI_EquipIcon_Pole_Rod	4	1	10	50013201	0		13	2		1,1,1,1,1		600			4	10.93	2				ART/Equip/AvatarEquip/Equip_Pole_Rod/Equip_Pole_Rod_OverrideTexture/Equip_Pole_Rod_02_Tex_Diffuse	UI_EquipIcon_Pole_Rod_Awaken	WeaponData_Name_13201	WeaponData_Desc_13201
13301	UI_EquipIcon_Pole_Ruby	4	1	10	50013301	0	8	13	3		1,1,1,1,1		900	113301		4	14.57	2	22	0.05	4	ART/Equip/AvatarEquip/Equip_Pole_Ruby/Equip_Pole_Ruby_OverrideTexture/Equip_Pole_Ruby_02_Tex_Diffuse	UI_EquipIcon_Pole_Ruby_Awaken	WeaponData_Name_13301	WeaponData_Desc_13301
13302	UI_EquipIcon_Pole_Halberd	4	1	10	50013302	0	8	13	3		1,1,1,1,1		900	113302		4	14.57	2	22	0.05	4	ART/Equip/AvatarEquip/Equip_Pole_Halberd/Equip_Pole_Halberd_OverrideTexture/Equip_Pole_Halberd_02_Tex_Diffuse	UI_EquipIcon_Pole_Halberd_Awaken	WeaponData_Name_13302	WeaponData_Desc_13302
13303	UI_EquipIcon_Pole_Noire	4	1	10	50013303	0	8	13	3		1,1,1,1,1		900			4	14.57	2	22	0.07	4	ART/Equip/AvatarEquip/Equip_Pole_Noire/Equip_Pole_Noire_OverrideTexture/Equip_Pole_Noire_02_Tex_Diffuse	UI_EquipIcon_Pole_Noire_Awaken	WeaponData_Name_13303	WeaponData_Desc_13303
13401	UI_EquipIcon_Pole_Stardust	4	1	10	50013401	0	10	13	4		1,1,1,1,1		900	113401		4	17.49	2	22	0.1	4	ART/Equip/AvatarEquip/Equip_Pole_Stardust/Equip_Pole_Stardust_OverrideTexture/Equip_Pole_Stardust_02_Tex_Diffuse	UI_EquipIcon_Pole_Stardust_Awaken	WeaponData_Name_13401	WeaponData_Desc_13401
13402	UI_EquipIcon_Pole_Proto	4	1	10	50013402	0	10	13	4		1,1,1,1,1		900			4	17.49	2	22	0.053	4	ART/Equip/AvatarEquip/Equip_Pole_Proto/Equip_Pole_Proto_OverrideTexture/Equip_Pole_Proto_02_Tex_Diffuse	UI_EquipIcon_Pole_Proto_Awaken	WeaponData_Name_13402	WeaponData_Desc_13402
13403	UI_EquipIcon_Pole_Exotic	4	1	10	50013403	0	10	13	4		1,1,1,1,1		900			4	17.49	2	22	0.02	4	ART/Equip/AvatarEquip/Equip_Pole_Exotic/Equip_Pole_Exotic_OverrideTexture/Equip_Pole_Exotic_02_Tex_Diffuse	UI_EquipIcon_Pole_Exotic_Awaken	WeaponData_Name_13403	WeaponData_Desc_13403
13404	UI_EquipIcon_Pole_Blackrock	4	1	10	50013404	0	10	13	4		1,1,1,1,1		900			4	17.49	2	22	0.053	4	ART/Equip/AvatarEquip/Equip_Pole_Blackrock/Equip_Pole_Blackrock_OverrideTexture/Equip_Pole_Blackrock_02_Tex_Diffuse	UI_EquipIcon_Pole_Blackrock_Awaken	WeaponData_Name_13404	WeaponData_Desc_13404
13504	UI_EquipIcon_Pole_Kunwu	4	1	10	50013504	0	10	13	5		1,1,1,1,1		900			4	26.03	31	22	0.15	4	ART/Equip/AvatarEquip/Equip_Pole_Kunwu/Equip_Pole_Kunwu_OverrideTexture/Equip_Pole_Kunwu_02_Tex_Diffuse	UI_EquipIcon_Pole_Kunwu_Awaken	WeaponData_Name_13504	WeaponData_Desc_13504
13505	UI_EquipIcon_Pole_Morax	4	1	10	50013505	0	10	13	5		1,1,1,1,1		900			4	26.03	31	23	0.121	4	ART/Equip/AvatarEquip/Equip_Pole_Morax/Equip_Pole_Morax_OverrideTexture/Equip_Pole_Morax_02_Tex_Diffuse	UI_EquipIcon_Pole_Morax_Awaken	WeaponData_Name_13505	WeaponData_Desc_13505
13506	UI_EquipIcon_Pole_Regicide	4	1	10	50013506	0	10	13	5		1,1,1,1,1		900			4	26.03	31	20	0.081	4	ART/Equip/AvatarEquip/Equip_Pole_Regicide/Equip_Pole_Regicide_OverrideTexture/Equip_Pole_Regicide_02_Tex_Diffuse	UI_EquipIcon_Pole_Regicide_Awaken	WeaponData_Name_13506	WeaponData_Desc_13506
14101	UI_EquipIcon_Catalyst_Apprentice	4	1	10	50014101	0		10	1		1,1,1,1,1		300			4	7.29	2				ART/Equip/AvatarEquip/Equip_Catalyst_Apprentice/Equip_Catalyst_Apprentice_OverrideTexture/Equip_Catalyst_Apprentice_02_Tex_Diffuse	UI_EquipIcon_Catalyst_Apprentice_Awaken	WeaponData_Name_14101	WeaponData_Desc_14101
14201	UI_EquipIcon_Catalyst_Pocket	4	1	10	50014201	0		10	2		1,1,1,1,1		600			4	10.93	2				ART/Equip/AvatarEquip/Equip_Catalyst_Pocket/Equip_Catalyst_Pocket_OverrideTexture/Equip_Catalyst_Pocket_02_Tex_Diffuse	UI_EquipIcon_Catalyst_Pocket_Awaken	WeaponData_Name_14201	WeaponData_Desc_14201
14301	UI_EquipIcon_Catalyst_Intro	4	1	10	50014301	0	8	10	3		1,1,1,1,1		900			4	14.57	2	20	0.03	4	ART/Equip/AvatarEquip/Equip_Catalyst_Intro/Equip_Catalyst_Intro_OverrideTexture/Equip_Catalyst_Intro_02_Tex_Diffuse	UI_EquipIcon_Catalyst_Intro_Awaken	WeaponData_Name_14301	WeaponData_Desc_14301
14302	UI_EquipIcon_Catalyst_Pulpfic	4	1	10	50014302	0	8	10	3		1,1,1,1,1		900	114302		4	14.57	2	20	0.02	4	ART/Equip/AvatarEquip/Equip_Catalyst_Pulpfic/Equip_Catalyst_Pulpfic_OverrideTexture/Equip_Catalyst_Pulpfic_02_Tex_Diffuse	UI_EquipIcon_Catalyst_Pulpfic_Awaken	WeaponData_Name_14302	WeaponData_Desc_14302
14303	UI_EquipIcon_Catalyst_Lightnov	4	1	10	50014303	0	8	10	3		1,1,1,1,1		900	114303		4	14.57	2	20	0.04	4	ART/Equip/AvatarEquip/Equip_Catalyst_Lightnov/Equip_Catalyst_Lightnov_OverrideTexture/Equip_Catalyst_Lightnov_02_Tex_Diffuse	UI_EquipIcon_Catalyst_Lightnov_Awaken	WeaponData_Name_14303	WeaponData_Desc_14303
14304	UI_EquipIcon_Catalyst_Jade	4	1	10	50014304	0	8	10	3		1,1,1,1,1		900			4	14.57	2	20	0.04	4	ART/Equip/AvatarEquip/Equip_Catalyst_Jade/Equip_Catalyst_Jade_OverrideTexture/Equip_Catalyst_Jade_02_Tex_Diffuse	UI_EquipIcon_Catalyst_Jade_Awaken	WeaponData_Name_14304	WeaponData_Desc_14304
14305	UI_EquipIcon_Catalyst_Phoney	4	1	10	50014305	0	8	10	3		1,1,1,1,1		900			4	14.57	2	20	0.04	4	ART/Equip/AvatarEquip/Equip_Catalyst_Phoney/Equip_Catalyst_Phoney_OverrideTexture/Equip_Catalyst_Phoney_02_Tex_Diffuse	UI_EquipIcon_Catalyst_Phoney_Awaken	WeaponData_Name_14305	WeaponData_Desc_14305
14306	UI_EquipIcon_Catalyst_Amber	4	1	10	50014306	0	8	10	3		1,1,1,1,1		900			4	14.57	2	20	0.04	4	ART/Equip/AvatarEquip/Equip_Catalyst_Amber/Equip_Catalyst_Amber_OverrideTexture/Equip_Catalyst_Amber_02_Tex_Diffuse	UI_EquipIcon_Catalyst_Amber_Awaken	WeaponData_Name_14306	WeaponData_Desc_14306
14401	UI_EquipIcon_Catalyst_Zephyrus	4	1	10	50014401	0	10	10	4		1,1,1,1,1		900	114401		4	17.49	2	20	0.04	4	ART/Equip/AvatarEquip/Equip_Catalyst_Zephyrus/Equip_Catalyst_Zephyrus_OverrideTexture/Equip_Catalyst_Zephyrus_02_Tex_Diffuse	UI_EquipIcon_Catalyst_Zephyrus_Awaken	WeaponData_Name_14401	WeaponData_Desc_14401
14402	UI_EquipIcon_Catalyst_Troupe	4	1	10	50014402	0	10	10	4		1,1,1,1,1		900	114402		4	17.49	2	20	0.04	4	ART/Equip/AvatarEquip/Equip_Catalyst_Troupe/Equip_Catalyst_Troupe_OverrideTexture/Equip_Catalyst_Troupe_02_Tex_Diffuse	UI_EquipIcon_Catalyst_Troupe_Awaken	WeaponData_Name_14402	WeaponData_Desc_14402
14403	UI_EquipIcon_Catalyst_Fossil	4	1	10	50014403	0	10	10	4		1,1,1,1,1		900	114403		4	17.49	2	20	0.04	4	ART/Equip/AvatarEquip/Equip_Catalyst_Fossil/Equip_Catalyst_Fossil_OverrideTexture/Equip_Catalyst_Fossil_02_Tex_Diffuse	UI_EquipIcon_Catalyst_Fossil_Awaken	WeaponData_Name_14403	WeaponData_Desc_14403
14404	UI_EquipIcon_Catalyst_Theocrat	4	1	10	50014404	0	10	10	4		1,1,1,1,1		900	114404		4	17.49	2	20	0.04	4	ART/Equip/AvatarEquip/Equip_Catalyst_Theocrat/Equip_Catalyst_Theocrat_OverrideTexture/Equip_Catalyst_Theocrat_02_Tex_Diffuse	UI_EquipIcon_Catalyst_Theocrat_Awaken	WeaponData_Name_14404	WeaponData_Desc_14404
14405	UI_EquipIcon_Catalyst_Resurrection	4	1	10	50014405	0	10	10	4		1,1,1,1,1		900			4	17.49	2	20	0.02	4	ART/Equip/AvatarEquip/Equip_Catalyst_Resurrection/Equip_Catalyst_Resurrection_OverrideTexture/Equip_Catalyst_Resurrection_02_Tex_Diffuse	UI_EquipIcon_Catalyst_Resurrection_Awaken	WeaponData_Name_14405	WeaponData_Desc_14405
14406	UI_EquipIcon_Equip_Catalyst_Blackrock	4	1	10	50014406	0	10	10	4		1,1,1,1,1		900			4	17.49	2	20	0.053	4	ART/Equip/AvatarEquip/Equip_Equip_Catalyst_Blackrock/Equip_Equip_Catalyst_Blackrock_OverrideTexture/Equip_Equip_Catalyst_Blackrock_02_Tex_Diffuse	UI_EquipIcon_Equip_Catalyst_Blackrock_Awaken	WeaponData_Name_14406	WeaponData_Desc_14406
14407	UI_EquipIcon_Catalyst_Exotic	4	1	10	50014407	0	10	10	4		1,1,1,1,1		900			4	17.49	2	20	0.02	4	ART/Equip/AvatarEquip/Equip_Catalyst_Exotic/Equip_Catalyst_Exotic_OverrideTexture/Equip_Catalyst_Exotic_02_Tex_Diffuse	UI_EquipIcon_Catalyst_Exotic_Awaken	WeaponData_Name_14407	WeaponData_Desc_14407
14408	UI_EquipIcon_Equip_Catalyst_Proto	4	1	10	50014408	0	10	10	4		1,1,1,1,1		900			4	17.49	2	20	0.053	4	ART/Equip/AvatarEquip/Equip_Equip_Catalyst_Proto/Equip_Equip_Catalyst_Proto_OverrideTexture/Equip_Equip_Catalyst_Proto_02_Tex_Diffuse	UI_EquipIcon_Equip_Catalyst_Proto_Awaken	WeaponData_Name_14408	WeaponData_Desc_14408
14501	UI_EquipIcon_Catalyst_Dvalin	4	1	10	50014501	0	10	10	5		1,1,1,1,1		900			4	26.03	31	20	0.06	4	ART/Equip/AvatarEquip/Equip_Catalyst_Dvalin/Equip_Catalyst_Dvalin_OverrideTexture/Equip_Catalyst_Dvalin_02_Tex_Diffuse	UI_EquipIcon_Catalyst_Dvalin_Awaken	WeaponData_Name_14501	WeaponData_Desc_14501
14502	UI_EquipIcon_Catalyst_Fourwinds	4	1	10	50014502	0	10	10	5		1,1,1,1,1		900			4	26.03	31	23	0.121	4	ART/Equip/AvatarEquip/Equip_Catalyst_Fourwinds/Equip_Catalyst_Fourwinds_OverrideTexture/Equip_Catalyst_Fourwinds_02_Tex_Diffuse	UI_EquipIcon_Catalyst_Fourwinds_Awaken	WeaponData_Name_14502	WeaponData_Desc_14502
14503	UI_EquipIcon_Catalyst_Widsith	4	1	10	50014503	0	10	10	5		1,1,1,1,1		900			4	26.03	31	20	0.081	4	ART/Equip/AvatarEquip/Equip_Catalyst_Widsith/Equip_Catalyst_Widsith_OverrideTexture/Equip_Catalyst_Widsith_02_Tex_Diffuse	UI_EquipIcon_Catalyst_Widsith_Awaken	WeaponData_Name_14503	WeaponData_Desc_14503
14504	UI_EquipIcon_Catalyst_Kunwu	4	1	10	50014504	0	10	10	5		1,1,1,1,1		900			4	26.03	31	23	0.121	4	ART/Equip/AvatarEquip/Equip_Catalyst_Kunwu/Equip_Catalyst_Kunwu_OverrideTexture/Equip_Catalyst_Kunwu_02_Tex_Diffuse	UI_EquipIcon_Catalyst_Kunwu_Awaken	WeaponData_Name_14504	WeaponData_Desc_14504
14505	UI_EquipIcon_Catalyst_Morax	4	1	10	50014505	0	10	10	5		1,1,1,1,1		900			4	26.03	31	20	0.081	4	ART/Equip/AvatarEquip/Equip_Catalyst_Morax/Equip_Catalyst_Morax_OverrideTexture/Equip_Catalyst_Morax_02_Tex_Diffuse	UI_EquipIcon_Catalyst_Morax_Awaken	WeaponData_Name_14505	WeaponData_Desc_14505
14506	UI_EquipIcon_Catalyst_Kaleido	4	1	10	50014506	0	10	10	5		1,1,1,1,1		900			4	26.03	31	23	0.121	4	ART/Equip/AvatarEquip/Equip_Catalyst_Kaleido/Equip_Catalyst_Kaleido_OverrideTexture/Equip_Catalyst_Kaleido_02_Tex_Diffuse	UI_EquipIcon_Catalyst_Kaleido_Awaken	WeaponData_Name_14506	WeaponData_Desc_14506
15101	UI_EquipIcon_Bow_Hunters	4	1	10	50015101	0		12	1		1,1,1,1,1		300			4	7.29	2				ART/Equip/AvatarEquip/Equip_Bow_Hunters/Equip_Bow_Hunters_OverrideTexture/Equip_Bow_Hunters_02_Tex_Diffuse	UI_EquipIcon_Bow_Hunters_Awaken	WeaponData_Name_15101	WeaponData_Desc_15101
15201	UI_EquipIcon_Bow_Old	4	1	10	50015201	0		12	2		1,1,1,1,1		600			4	10.93	2				ART/Equip/AvatarEquip/Equip_Bow_Old/Equip_Bow_Old_OverrideTexture/Equip_Bow_Old_02_Tex_Diffuse	UI_EquipIcon_Bow_Old_Awaken	WeaponData_Name_15201	WeaponData_Desc_15201
15301	UI_EquipIcon_Bow_Crowfeather	4	1	10	50015301	0	8	12	3		1,1,1,1,1		900	115301		4	14.57	2	20	0.02	4	ART/Equip/AvatarEquip/Equip_Bow_Crowfeather/Equip_Bow_Crowfeather_OverrideTexture/Equip_Bow_Crowfeather_02_Tex_Diffuse	UI_EquipIcon_Bow_Crowfeather_Awaken	WeaponData_Name_15301	WeaponData_Desc_15301
15302	UI_EquipIcon_Bow_Arjuna	4	1	10	50015302	0	8	12	3		1,1,1,1,1		900	115302		4	14.57	2	20	0.02	4	ART/Equip/AvatarEquip/Equip_Bow_Arjuna/Equip_Bow_Arjuna_OverrideTexture/Equip_Bow_Arjuna_02_Tex_Diffuse	UI_EquipIcon_Bow_Arjuna_Awaken	WeaponData_Name_15302	WeaponData_Desc_15302
15303	UI_EquipIcon_Bow_Curve	4	1	10	50015303	0	8	12	3		1,1,1,1,1		900			4	14.57	2	20	0.03	4	ART/Equip/AvatarEquip/Equip_Bow_Curve/Equip_Bow_Curve_OverrideTexture/Equip_Bow_Curve_02_Tex_Diffuse	UI_EquipIcon_Bow_Curve_Awaken	WeaponData_Name_15303	WeaponData_Desc_15303
15304	UI_EquipIcon_Bow_Sling	4	1	10	50015304	0	8	12	3		1,1,1,1,1		900			4	14.57	2	20	0.04	4	ART/Equip/AvatarEquip/Equip_Bow_Sling/Equip_Bow_Sling_OverrideTexture/Equip_Bow_Sling_02_Tex_Diffuse	UI_EquipIcon_Bow_Sling_Awaken	WeaponData_Name_15304	WeaponData_Desc_15304
15305	UI_EquipIcon_Bow_Msg	4	1	10	50015305	0	8	12	3		1,1,1,1,1		900			4	14.57	2	20	0.04	4	ART/Equip/AvatarEquip/Equip_Bow_Msg/Equip_Bow_Msg_OverrideTexture/Equip_Bow_Msg_02_Tex_Diffuse	UI_EquipIcon_Bow_Msg_Awaken	WeaponData_Name_15305	WeaponData_Desc_15305
15306	UI_EquipIcon_Bow_Hardwood	4	1	10	50015306	0	8	12	3		1,1,1,1,1		900			4	14.57	2	20	0.04	4	ART/Equip/AvatarEquip/Equip_Bow_Hardwood/Equip_Bow_Hardwood_OverrideTexture/Equip_Bow_Hardwood_02_Tex_Diffuse	UI_EquipIcon_Bow_Hardwood_Awaken	WeaponData_Name_15306	WeaponData_Desc_15306
15401	UI_EquipIcon_Bow_Zephyrus	4	1	10	50015401	0	10	12	4		1,1,1,1,1		900	115401		4	17.49	2	20	0.04	4	ART/Equip/AvatarEquip/Equip_Bow_Zephyrus/Equip_Bow_Zephyrus_OverrideTexture/Equip_Bow_Zephyrus_02_Tex_Diffuse	UI_EquipIcon_Bow_Zephyrus_Awaken	WeaponData_Name_15401	WeaponData_Desc_15401
15402	UI_EquipIcon_Bow_Troupe	4	1	10	50015402	0	10	12	4		1,1,1,1,1		900	115402		4	17.49	2	20	0.053	4	ART/Equip/AvatarEquip/Equip_Bow_Troupe/Equip_Bow_Troupe_OverrideTexture/Equip_Bow_Troupe_02_Tex_Diffuse	UI_EquipIcon_Bow_Troupe_Awaken	WeaponData_Name_15402	WeaponData_Desc_15402
15403	UI_EquipIcon_Bow_Fossil	4	1	10	50015403	0	10	12	4		1,1,1,1,1		900	115403		4	17.49	2	20	0.02	4	ART/Equip/AvatarEquip/Equip_Bow_Fossil/Equip_Bow_Fossil_OverrideTexture/Equip_Bow_Fossil_02_Tex_Diffuse	UI_EquipIcon_Bow_Fossil_Awaken	WeaponData_Name_15403	WeaponData_Desc_15403
15404	UI_EquipIcon_Bow_Theocrat	4	1	10	50015404	0	10	12	4		1,1,1,1,1		900	115404		4	17.49	2	20	0.053	4	ART/Equip/AvatarEquip/Equip_Bow_Theocrat/Equip_Bow_Theocrat_OverrideTexture/Equip_Bow_Theocrat_02_Tex_Diffuse	UI_EquipIcon_Bow_Theocrat_Awaken	WeaponData_Name_15404	WeaponData_Desc_15404
15405	UI_EquipIcon_Bow_Recluse	4	1	10	50015405	0	10	12	4		1,1,1,1,1		900			4	17.49	2	20	0.02	4	ART/Equip/AvatarEquip/Equip_Bow_Recluse/Equip_Bow_Recluse_OverrideTexture/Equip_Bow_Recluse_02_Tex_Diffuse	UI_EquipIcon_Bow_Recluse_Awaken	WeaponData_Name_15405	WeaponData_Desc_15405
15406	UI_EquipIcon_Bow_Proto	4	1	10	50015406	0	10	12	4		1,1,1,1,1		900			4	17.49	2	20	0.053	4	ART/Equip/AvatarEquip/Equip_Bow_Proto/Equip_Bow_Proto_OverrideTexture/Equip_Bow_Proto_02_Tex_Diffuse	UI_EquipIcon_Bow_Proto_Awaken	WeaponData_Name_15406	WeaponData_Desc_15406
15407	UI_EquipIcon_Bow_Exotic	4	1	10	50015407	0	10	12	4		1,1,1,1,1		900			4	17.49	2	20	0.02	4	ART/Equip/AvatarEquip/Equip_Bow_Exotic/Equip_Bow_Exotic_OverrideTexture/Equip_Bow_Exotic_02_Tex_Diffuse	UI_EquipIcon_Bow_Exotic_Awaken	WeaponData_Name_15407	WeaponData_Desc_15407
15408	UI_EquipIcon_Bow_Blackrock	4	1	10	50015408	0	10	12	4		1,1,1,1,1		900			4	17.49	2	20	0.053	4	ART/Equip/AvatarEquip/Equip_Bow_Blackrock/Equip_Bow_Blackrock_OverrideTexture/Equip_Bow_Blackrock_02_Tex_Diffuse	UI_EquipIcon_Bow_Blackrock_Awaken	WeaponData_Name_15408	WeaponData_Desc_15408
15501	UI_EquipIcon_Bow_Dvalin	4	1	10	50015501	0	10	12	5		1,1,1,1,1		900			4	26.03	31	20	0.06	4	ART/Equip/AvatarEquip/Equip_Bow_Dvalin/Equip_Bow_Dvalin_OverrideTexture/Equip_Bow_Dvalin_02_Tex_Diffuse	UI_EquipIcon_Bow_Dvalin_Awaken	WeaponData_Name_15501	WeaponData_Desc_15501
15502	UI_EquipIcon_Bow_Amos	4	1	10	50015502	0	10	12	5		1,1,1,1,1		900			4	26.03	31	23	0.121	4	ART/Equip/AvatarEquip/Equip_Bow_Amos/Equip_Bow_Amos_OverrideTexture/Equip_Bow_Amos_02_Tex_Diffuse	UI_EquipIcon_Bow_Amos_Awaken	WeaponData_Name_15502	WeaponData_Desc_15502
15503	UI_EquipIcon_Bow_Widsith	4	1	10	50015503	0	10	12	5		1,1,1,1,1		900			4	26.03	31	20	0.081	4	ART/Equip/AvatarEquip/Equip_Bow_Widsith/Equip_Bow_Widsith_OverrideTexture/Equip_Bow_Widsith_02_Tex_Diffuse	UI_EquipIcon_Bow_Widsith_Awaken	WeaponData_Name_15503	WeaponData_Desc_15503
15504	UI_EquipIcon_Bow_Kunwu	4	1	10	50015504	0	10	12	5		1,1,1,1,1		900			4	26.03	31	23	0.121	4	ART/Equip/AvatarEquip/Equip_Bow_Kunwu/Equip_Bow_Kunwu_OverrideTexture/Equip_Bow_Kunwu_02_Tex_Diffuse	UI_EquipIcon_Bow_Kunwu_Awaken	WeaponData_Name_15504	WeaponData_Desc_15504
15505	UI_EquipIcon_Bow_Morax	4	1	10	50015505	0	10	12	5		1,1,1,1,1		900			4	26.03	31	20	0.081	4	ART/Equip/AvatarEquip/Equip_Bow_Morax/Equip_Bow_Morax_OverrideTexture/Equip_Bow_Morax_02_Tex_Diffuse	UI_EquipIcon_Bow_Morax_Awaken	WeaponData_Name_15505	WeaponData_Desc_15505
15506	UI_EquipIcon_Bow_Moonfall	4	1	10	50015506	0	10	12	5		1,1,1,1,1		900			4	26.03	31	23	0.121	4	ART/Equip/AvatarEquip/Equip_Bow_Moonfall/Equip_Bow_Moonfall_OverrideTexture/Equip_Bow_Moonfall_02_Tex_Diffuse	UI_EquipIcon_Bow_Moonfall_Awaken	WeaponData_Name_15506	WeaponData_Desc_15506